Hotel Name,Contact Person,Reservation Email
Amara Sanctuary Resort Sentosa,Ms Poom Samkasat,Reservation@amarasanctuary.com
Amber Hotel Katong,Terence Wu,amberhotel@gmail.com
AMOY,Christine Lee,christinelcs@fareast.com.sg
Aqueen Hotel Paya Lebar,Reservations Team,reservations@aqueenhotels.com
Ascott Orchard Singapore,Janice Lee ,janice.lee@the-ascott.com
,,Reservations.sg@the-ascott.com
Ascott Raffles Place Singapore,Janice Lee ,janice.lee@the-ascott.com
Balestier Hotel Pte Ltd,Yibin,balestier_hotel@yahoo.com
BudgetOne Hotel,Kelvin Lim,onehotel18@gmail.com
Capri by Fraser Changi City,Donica Lui,donica.lui@capribyfraser.com 
D' Hotel,Janice Lee,janice.lee@the-ascott.com
"Duxton Reserve Singapore, Autograph Collection",Reservations Team,reservations@duxtonreserve.com
Fairmont Singapore,Pinky Yee,reservations.singapore@fairmont.com
five/6 Hotel Splendour,David Wong,reservations@hotelsplendour.sg
Four Seasons Hotel,Charles Ding,res.fssingapore@fourseasons.com
Golden Star Hotel,Low Siew Voon,goldenstarhotel@yahoo.com.sg
Goodwood Park Hotel,Gina Tan ,rmresv@goodwoodparkhotel.com
Grand Mercure Singapore Roxy,Shamila  Khalid,H3610@accor.com
Haising Hotel,Ivy Tan,hs@haising.com.sg
Harbour Ville Hotel,Xueni,sn@harbourvillehotel.com
"Harbour Ville Hotel, Hamilton",Chloe,contact@harbourvillehamilton.com
Hilton Singapore,Sales Team,singapore_reservations@hilton.com
Hotel 1888 Collection Chinatown,Skye Liu,skye.liu@homes4now.com
Hotel Bencoolen,Mr. Ignatius Kwek,onlinereservation@hotelbencoolen.com
,,ignatiuskwek@hotelbencoolen.com
Hotel Clover 5 Hongkong Street,Ms Sara,reservations@hotelclover.com
Hotel Clover 7 Hong Kong Street,Ms Sara,reservations@hotelclover.com
Hotel Clover 769 North Bridge Road,Mr. Zech,info@hotelclover769.com
Hotel Clover the Arts,Ms Sara,reservations@hotelclover.com
Hotel Fuji,Mrs Ong,hotelfuji.pl@gmail.com
Hotel G Singapore,Reservation,res@hotelgsingapore.com
Hotel Grand Central,Pui Chee (Ms),accommodations@grandcentral.com.sg
Hotel NuVe,Su Xueni,xueni@hotelnuve.com
Hotel NuVe Elements,Ally,elements@hotelnuve.com
Hotel NuVe Heritage,Lim Wei Siong,Weisiong.lim@hotelnuveheritage.com
Hotel NuVe Urbane,John,urbane@hotelnuve.com
Hotel NuVe Stellar,Maica,contact@hotelnuvestellar.com
"Hotel NuVe, Bugis",Ratna Asnam,contact@hotelnuve.com
Hotel Re! Pte Ltd,Kevin Ng,reservations@hotelre.com.sg
Hotel Royal @ Queens,George Lim,sales@royalqueens.com.sg
ibis budget Singapore Ametrine,Phua Zhia Cee,booking@gphl.com.sg
Jayleen 1918 Hotel,James Chong,rooms@jayleen1918.com.sg
Jayleen Clarke Quay Hotel,Sarah Gason / Michelle Yap,jayleenclarkequay@gmail.com
Ji Hotel Orchard Singapore,Guest Service Officer or Kenix,frontoffice.jhos@the-ascott.com
K2 guesthouse,Joyce Kay,Hello@k2guesthouse.com
Lex Hotel Lorong 8,Pang Chin Fatt,pangcf@harford.com.sg
lyf Funan Singapore,Ms. Norjihan Kamil,norjihan.kamil@the-ascott.com
M Social Hotel Singapore,Chung Ze Xiang ,reservations.mss@millenniumhotels.com
Mayo Inn,"Latifah, Jihao, Terrance",reservations@mayoinn.com
Naumi Hotel,Marina Chong (Reservations Manager),reservations@naumihotels.com
New Cathay Hotel,Desmond Loh,NEWCATHAYHOTELG@GMAIL.COM
New Orchid Hotel,Cheong Ah Seng,Neworchidhotel@hotmail.com
Oakwood Premier AMTD Singapore,Reservations Team,reservations.premier-singapore@oakwood.com
"Oasia Hotel Downtown, Singapore",Christine Lee,christinelcs@fareast.com.sg
One Farrer Hotel,Brian Ong,reservations@onefarrer.com
Orchard Hotel Singapore,Farah Vierra,Reservations.OHS@millenniumhotels.com
"Orchard Rendezvous Hotel, Singapore",Kelly Lim,kellylim@fareast.com.sg
Pan Pacific Serviced Suites Beach Road,Ng Jing Jing,reserve.ppssbr@panpacific.com
Park 22 hotel Little India,Guest Experience Team,reservations@park22hotel.com
"PARKROYAL COLLECTION Marina Bay, Singapore",Grace Loo,reserve.prsmb@parkroyalhotels.com
"PARKROYAL COLLECTION Pickering, Singapore",Mr Valent Tan,valent.tan@parkroyalhotels.com
Penta Hotel,Nancy Ng,booking@pentahotel.com.sg
Porcelain Hotel,Kelvin Chew,reservations@porcelainhotel.com
Q Loft Hotels@Mackenzie,Anthony/TK,reservations@qloft.com.sg
Q Loft Hotels@Bedok,Anthony/TK,reservations@qloft.com.sg
The Quay Hotel Lavender,Front Desk Team,info@thequaylavender.com
The Quay Hotel Singapore,Front Desk Team,info@thequayhotel.sg
The Quay Hotel West Coast,Front Desk Team,info@thequayhotelwc.com
RedDoorz near Marine Parade,Shiqi,reservations-singapore@reddoorz.com
RedDoorz @ Aljunied,Shiqi,reservations-singapore@reddoorz.com
RedDoorz Plus @ Little India,Shiqi,reservations-singapore@reddoorz.com
RedDoorz @ Geylang,Shiqi,reservations-singapore@reddoorz.com
RedDoorz Premium @ Balestier,Shiqi,reservations-singapore@reddoorz.com
RELC International Hotel,Ben,ben.tan@relc.org.sg
Rest Bugis Hotel,Skye Liu,skye.liu@homes4now.com
Sandpiper Hotel,Jasmin,reservations@sandpiperhotels.com
Shangri-La Hotel Singapore ,Kwee Poh Gek,Reservations.sls@shangri-la.com
Strand Hotel,Ivy Ong,ivy@strandhotel.com.sg
ST Signature Jalan Besar,Reservation Department,jalanbesar.ota@stsignature.com
ST Signature Bugis Beach,Reservation Department,bugis2.ota@stsignature.com
ST Signature Tanjong Pagar,Reservation Department,tanjongpagar.ota@stsignature.com
Tai Hoe Hotel,Larry Gay Peng Cheng,Reservation@taihoehotel.com
The Capitol Kempinski Hotel Singapore,Reservations Department,reservation.singapore@kempinski.com
The St Regis Singapore,Kenta Goto,Reservations.Singapore@stregis.com
"The Vagabond Club, a Tribute Portfolio Hotel",Reservations Team,reservations@hotelvagabondsingapore.com
Victoria Hotel,Alexis Hong,victoriahotel@victoriana.sg
Village Hotel Bugis,Dennis Yong,dennisyong@fareast.com.sg
XY Hotel Bugis,Han Bin,bugis_reservation@xyglobalhotel.com